0,HHHHR
1,COLB
2,RDWR
3,OSIS
4,SATS
5,FORD
6,ADTN
7,MITK
8,OI
9,TNAV
10,SGMS
11,GSM
12,VIST
13,SCPL
14,UBIO
15,CARA
16,RVT
17,GTX
18,MATX
19,RIOT
20,KO
21,EOI
22,PDCE
23,NC
24,WTFC
25,AXP
26,ROK
27,VEEV
28,YTEN
29,DMLP
30,MTCH
31,OTEX
32,FLR
33,TVE
34,ANGO
35,BRPAU
36,IP
37,INSE
38,SWM
39,HONE
40,CMS
41,AMTD
42,MTL
43,LAZY
44,NETE
45,SZC
46,UDR
47,ENSG
48,ARLO
49,DLHC
50,CCO
51,PEB
52,FFC
53,TACOW
54,WVFC
55,IEA
56,CDR
57,MKSI
58,APLE
59,EXPI
60,KMF
61,MTB
62,DOW
63,BGG
64,AGBAW
65,RNDM
66,KRKR
67,EE
68,ARCB
69,ETH
70,AXL
71,CALA
72,VZ
73,PBFS
74,WTFCM
75,BLX
76,MLM
77,AIG
78,PHK
79,EVRG
80,CNOB
81,FORM
82,EVSIW
83,CDMO
84,COLD
85,MCRB
86,BANR
87,DENN
88,AN
89,GCVRZ
90,HX
91,RIGL
92,CATY
93,FRME
94,MSM
95,SOHO
96,RAND
97,CPF
98,ELJ
99,THRM
100,DQ
101,MSVB
102,TBLTW
103,CXSE
104,TROX
105,ASX
106,JCAP
107,ATRA
108,QFIN
109,AESE
110,LBRDA
111,IGA
112,TEX
113,TWMC
114,CPE
115,PFHD
116,VLY
117,SOHOB
118,AIF
119,MEI
120,VAC
121,STCN
122,FMC
123,ECOL
124,VCV
125,MTX
126,GENY
127,GE
128,PTY
129,RVMD
130,ZEAL
131,TKR
132,WPM
133,FTXG
134,TY
135,OFG
136,AEM
137,IONS
138,CDAY
139,HFRO
140,WEBK
141,COUP
142,BE
143,YEXT
144,CWH
145,CARO
146,IBTH
147,RZB
148,BMI
149,ADRE
150,LHX
151,MLP
152,MTSC
153,SONO
154,DSX
155,ACER
156,CYBE
157,MLI
158,BOCH
159,BL
160,BCO
161,MSBF
162,THTX
163,ELSE
164,CACI
165,CIFS
166,PRIM
167,MFH
168,ZN
169,SNBR
170,CNSL
171,ALGT
172,AAN
173,LOACR
174,ARW
175,ALB
176,PLUG
177,TOTA
178,FTXN
179,JRVR
180,BCPC
181,NOVT
182,HYAC
183,FCBP
184,TCRZ
185,XNCR
186,LOACU
187,GPAQU
188,PETZ
189,DWSN
190,HT
191,HAFC
192,VGM
193,VSTM
194,SITE
195,CIL
196,HCA
197,MVBF
198,FEYE
199,HEBT
200,AGNC
201,NBACU
202,BRKR
203,XLNX
204,TGLS
205,EXG
206,LDEM
207,MBINP
208,LFACU
209,LOPE
210,AMRS
211,ERYP
212,DJCO
213,COST
214,MTEST
215,DIN
216,HURN
217,SC
218,CHMA
219,GNSS
220,SMMCU
221,EURN
222,AMCR
223,BOE
224,AIMT
225,ACOR
226,CGO
227,LONE
228,SITC
229,JBN
230,BHR
231,LEGH
232,FIZZ
233,SLVO
234,ENBA
235,TRNE
236,HNP
237,MDU
238,MOXC
239,VRSN
240,SCYX
241,IBTX
242,RPLA
243,DDMXW
244,TTPH
245,NVDA
246,BHFAP
247,MNTX
248,KZR
249,RYN
250,ROSEU
251,TRPX
252,FMBH
253,SPB
254,COO
255,BHLB
256,NHTC
257,NHF
258,HTGC
259,ASRVP
260,OCSI
261,CME
262,SXI
263,CHRW
264,STKL
265,AMOT
266,USA
267,RCP
268,QTEC
269,PECK
270,TSEM
271,CVGW
272,BMRC
273,GHIVW
274,EVBG
275,NVCR
276,EBAY
277,PFE
278,PPHI
279,AQN
280,HEI
281,AEB
282,JPI
283,HTBK
284,CTRM
285,COCP
286,SCOR
287,SOL
288,PPT
289,CPIX
290,FCAU
291,TOL
292,CBPO
293,ASTE
294,HXL
295,XENT
296,AFL
297,MUDSU
298,ASA
299,CNA
300,LII
301,ODC
302,ALLT
303,STAA
304,FRPH
305,AMG
306,ALLO
307,AG
308,FONR
309,ACWX
310,OFC
311,WBA
312,KNSL
313,CASS
314,ADILW
315,SUSL
316,MSGN
317,AL
318,EMIF
319,QQQ
320,FVRR
321,CAH
322,MHN
323,PME
324,ATHM
325,MIME
326,PCSB
327,MRTN
328,COLL
329,SONG
330,PRGX
331,RRBI
332,VOC
333,JPC
334,NAVI
335,SYBT
336,FINS
337,MCA
338,POLA
339,PLNT
340,TDA
341,HYND
342,KW
343,BME
344,HCXZ
345,NVEE
346,PDS
347,ISHG
348,DAL
349,PBC
350,SPY
